,cleanedtext,standardized
987,pausing real quick on conference catch live ,['marioparty']
8600,just announced ,['marioparty']
8660,party holy shit ,['marioparty']
8695,party switch 3ds switch ,"['pokemonletsgo', 'marioparty']"
8882,direct ,['marioparty']
9211,just announced ,['marioparty']
9268,please be real party ,['marioparty']
9304,oh crazy ,['marioparty']
9328,super can change field damn it ,['marioparty']
9342,ad is bit unrealistic all be cussing each other out ,['marioparty']
9369,please be online ,['marioparty']
9374,das den ,['marioparty']
9466,see one is fucking playable ,['marioparty']
9498,new is announced can combine more is dope ,['marioparty']
9572,another game has more gimmicks oh boy ,['marioparty']
9609,un fun ,"['marioparty', 'marioparty']"
9640,11 super party ,['marioparty']
9648,now can get kicked in nuts by bs on switch too ,['marioparty']
9726,super party is is party 10 or 11 now keep losing track either way excited ,['marioparty']
9767,is really unique can be played multiple consoles ,['marioparty']
9843,da is so ,['marioparty']
9903,switchs cote cote super ,['marioparty']
9957,baby is two screens ,"['marioparty', 'marioparty']"
10096,is ,['marioparty']
10100,va para ,['marioparty']
10113,yeah ,['marioparty']
10159,switch ooh can combine multiple systems go screen screen ,['marioparty']
10173,am so excited have stars coin separate again ,['marioparty']
10176,thing is new ,['marioparty']
10186,wait now is crazy ,['marioparty']
10231,oh damn ,['marioparty']
10290,new party leap switch finally happening it had know ,['marioparty']
10353,have no friends ,['marioparty']
10359,party ,['marioparty']
10405,is really unique can be played multiple consoles ,['marioparty']
10407,cant believe it loved party games ,['marioparty']
10410,year old is having meltdown over ,['marioparty']
10441,oh god here comes just sounds like too long in tooth looks ,"['marioparty', 'marioparty']"
10452,wait is insane ,['marioparty']
10461,party is an excellent addition switch library direct ,['marioparty']
10488,presents new way ruin friendships ,['marioparty']
10521,de sa switch fun ,['marioparty']
10578,party has evolved it seems ,['marioparty']
10583,actually looks fun ,['marioparty']
10588,party ,['marioparty']
10591,know is its combat ,['marioparty']
10594,be life party ,"['marioparty', 'pokemonletsgo']"
10653,screen manipulation is smart but never been party games not me but ok ,['marioparty']
10678,handle feelings rn ,['marioparty']
10681,pretty cool way play ,['marioparty']
10684,looks great ,['marioparty']
10687,sounds like fun but be picking it up ,['marioparty']
10706,dead have won all go home thanks ,['marioparty']
10710,multiple switches ,['marioparty']
10730,yay games wanted announced has been announced ,['marioparty']
10760,transfer characters on switches ,['marioparty']
10825,looks like jam love all screen screen innovation ,['marioparty']
10860,oh so now have super totally makes game worth ,['marioparty']
10875,is be fun sure but more interested in combining switches based on proximity ,['marioparty']
10918,wait ruin some friendships ,['marioparty']
10929,finally no one in in ,['marioparty']
10975,spoilers will win by doing ,['marioparty']
10982,only have switch friends play ,['marioparty']
11007,want party ready get pissed at friends on go ,['marioparty']
11041,party switch take money ,['marioparty']
11045,down ,['marioparty']
11070,an expected surprise but welcome one be sure ,['marioparty']
11134,is kind party news ,['marioparty']
11136,october ,['marioparty']
11147,dead have won all go home thanks ,['marioparty']
11159,finally got right ,['marioparty']
11178,wait nuts can connect switches together like ,['marioparty']
11187,oh wow did come party about be lit again ,['marioparty']
11192,oh god there is new rip friendship ,['marioparty']
11250,super party yes ,['marioparty']
11258,oh god no not game destroys friendships tells ,['marioparty']
11288,aus ,['marioparty']
11296,expect see it must be fun have friends can play ,['marioparty']
11338,thank god ditched all ride in stupid car last two ,['marioparty']
11365,destroy friendships in new coming october 5th ,['marioparty']
11377,friendship ruined is back ,['marioparty']
11381,party announcement direct ,['marioparty']
11388,super aus ,['marioparty']
11418,revealed at launching october ,['marioparty']
11431,trailer is so but in good way ,['marioparty']
11452,dear thank getting rid terrible car ,['marioparty']
11482,new salt mine ,['marioparty']
11484,who likes rock party super is coming on october 5th ,['marioparty']
11515,in is absolute witchcraft listen any other explanation ,['marioparty']
11517,are about get smashed pieces ,['marioparty']
11548,announced coming october switch stay tuned local info it looks so fun ,['marioparty']
11575,just let me know can steal stars ,['marioparty']
11582,who likes rock party super is coming on ,['marioparty']
11583,con ,['marioparty']
11619,new look dope ,['marioparty']
11633,great marketing in one helps attract millennial crowd ,['marioparty']
11635,ooh bike motion control looked uncomfortable ,['marioparty']
11649,october release date ,['marioparty']
11650,using screen patent smart ,['marioparty']
11678,who likes rock party super is coming on october 5th ,['marioparty']
11689,party combinable switches no gimmick finally ,['marioparty']
11716,who likes rock party super is coming on october 5th ,['marioparty']
11728,who likes rock party super is coming on october 5th ,['marioparty']
11730,who likes rock party super is coming on ,['marioparty']
11746,looks really good fun actually nice mix games ,['marioparty']
11753,yeah babies ,['marioparty']
11757,un mode online ,['marioparty']
11764,who likes rock party super is coming on ,['marioparty']
11779,who likes rock party super is coming on october 5th ,['marioparty']
11793,oh goodness cooking game ,['marioparty']
11797,who likes rock party super is coming on october 5th ,['marioparty']
11799,is going be an office party ,['marioparty']
11801,who likes rock party super is coming on ,['marioparty']
11820,new coming out november 5th ,['marioparty']
11850,oh were due screens put together ,['marioparty']
11862,who likes rock party super is coming on october 5th ,['marioparty']
11864,who likes rock party super is coming on october 5th ,['marioparty']
11913,was really wondering launch game was not disappointed ,['marioparty']
11922,who likes rock party super is coming on ,['marioparty']
11939,who likes rock party super is coming on october 5th ,['marioparty']
11954,who likes rock party super is coming on october 5th ,['marioparty']
11959,who likes rock party super is coming on ,['marioparty']
11979,looks be some amazing new mini games in party ,['marioparty']
11994,combo switch screens yesss ,['marioparty']
11998,nothing like experience camping outdoors ,['marioparty']
12001,who likes rock party super is coming on ,['marioparty']
12026,two screens ,['marioparty']
12036,aus ,['marioparty']
12045,who likes rock party super is coming on october 5th ,['marioparty']
12058,got rid traveling in dumbass car ,['marioparty']
12062,sent stupid car junk yard ,['marioparty']
12064,who likes rock party super is coming on ,['marioparty']
12076,who likes rock party super is coming on ,['marioparty']
12086,curious know switches need copies game ,['marioparty']
12091,who likes rock party super is coming on ,['marioparty']
12092,who likes rock party super is coming on ,['marioparty']
12108,waggle looks fun ,['marioparty']
12112,super ,['marioparty']
12116,who likes rock party super is coming on october 5th ,['marioparty']
12117,who likes rock party super is coming on october 5th ,['marioparty']
12118,who likes rock party super is coming on ,['marioparty']
12121,connect all screens ,['marioparty']
12130,who likes rock party super is coming on ,['marioparty']
12146,party time out october ,['marioparty']
12152,who likes rock party super is coming on october 5th ,['marioparty']
12153,is coming switch can literally connect multiple switches ,['marioparty']
12156,who likes rock party super is coming on ,['marioparty']
12161,who likes rock party super is coming on ,['marioparty']
12167,who likes rock party super is coming on ,['marioparty']
12173,para ,['marioparty']
12176,super party out october year direct ,['marioparty']
12181,who likes rock party super is coming on ,['marioparty']
12185,super party announced switch ,['marioparty']
12202,okay can play as damn it one weakness ,['marioparty']
12219,looks fun ,['marioparty']
12226,who likes rock party super is coming on ,['marioparty']
12237,who likes rock party super is coming on october 5th ,['marioparty']
12255,who likes rock party super is coming on ,['marioparty']
12266,who likes rock party super is coming on october 5th ,['marioparty']
12272,who likes rock party super is coming on october 5th ,['marioparty']
12280,announced coming october switch stay tuned local info it looks so ,['marioparty']
12290,who likes rock party super is coming on ,['marioparty']
12299,who likes rock party super is coming on october 5th ,['marioparty']
12342,cast an actual party ,['marioparty']
12346,none people in trailer are friends anymore ,['marioparty']
12350,just hope not too dependent on more one people owning switch ,['marioparty']
12358,who likes rock party super is coming on ,['marioparty']
12368,who likes rock party super is coming on october 5th ,['marioparty']
12378,who likes rock party super is coming on ,['marioparty']
12417,announced switch ,['marioparty']
12424,who likes rock party super is coming on ,['marioparty']
12428,who likes rock party super is coming on october 5th ,['marioparty']
12431,yes god ,['marioparty']
12447,who likes rock party super is coming on ,['marioparty']
12453,who likes rock party super is coming on october 5th ,['marioparty']
12457,who likes rock party super is coming on october 5th ,['marioparty']
12541,who likes rock party super is coming on ,['marioparty']
12567,curious know switches need copies game ,['marioparty']
12580,was not expecting announcement but am excited ,['marioparty']
12588,who likes rock party super is coming on ,['marioparty']
12595,who wants hang out ruin friendships ,['marioparty']
12599,who likes rock party super is coming on october 5th ,['marioparty']
12620,who likes rock party super is coming on october 5th ,['marioparty']
12635,dual screens in interesting ,['marioparty']
12648,who likes rock party super is coming on ,['marioparty']
12650,who likes rock party super is coming on october 5th ,['marioparty']
12669,looks like need another party party hear best one ,['marioparty']
12688,is coming october 5th ,['marioparty']
12702,can recapture former greatness ,"['marioparty', 'marioparty']"
12710,who likes rock party super is coming on ,['marioparty']
12715,who likes rock party super is coming on ,['marioparty']
12723,looks so much looks cool it connects other switches ,['marioparty']
12762,who likes rock party super is coming on ,['marioparty']
12788,see rage inducing party parties in future ,['marioparty']
12804,but is cool have never actually owned one so looking forward getting on switch lot ,['marioparty']
12808,loved original games hope holds up it looks fun ,"['marioparty', 'marioparty']"
12815,be actually interesting people actually embarrassed ,['marioparty']
12818,who likes rock party super is coming on october 5th ,['marioparty']
12832,die ,['marioparty']
12840,is own way ,['marioparty']
12843,who likes rock party super is coming on ,['marioparty']
12853,who likes rock party super is coming on ,['marioparty']
12865,was riding bike ,['marioparty']
12952,uk likes rock party super is coming ,['marioparty']
12977,who likes rock party super is coming on october 5th ,['marioparty']
13023,fuck yes switch ,['marioparty']
13035,good news is be getting more party by ,['marioparty']
13053,announced coming october switch stay tuned local info it looks so ,['marioparty']
13073,takes party games on go oct ,['marioparty']
13086,who likes rock party super is coming on ,['marioparty']
13087,hell yeah been too long got party on ,['marioparty']
13099,who likes rock party super is coming on ,['marioparty']
13104,who likes rock party super is coming on october 5th ,['marioparty']
13108,who likes rock party super is coming on ,['marioparty']
13139,who likes rock party super is coming on october 5th ,['marioparty']
13161,who likes rock party super is coming on october 5th ,['marioparty']
13165,who likes rock party super is coming on ,['marioparty']
13167,looks amazing at ,['marioparty']
13194,no more rolling dice moves ,['marioparty']
13195,who likes rock party super is coming on october 5th ,['marioparty']
13205,who likes rock party super is coming on october 5th ,['marioparty']
13220,guys not in stupid train anymore ,['marioparty']
13240,out october ,['marioparty']
13259,friendship ruiner is back ,['marioparty']
13268,who likes rock party super is coming on october 5th ,['marioparty']
13282,yes not in damn train time end friendships once again ,['marioparty']
13290,who likes rock party super is coming on ,['marioparty']
13315,who likes rock party super is coming on october 5th ,['marioparty']
13320,who likes rock party super is coming on ,['marioparty']
13331,who likes rock party super is coming on ,['marioparty']
13339,definitely culture but not getting ,"['pokemonletsgo', 'marioparty']"
13353,il fun ce ,['marioparty']
13366,who likes rock party super is coming on october 5th ,['marioparty']
13369,just answer question is there online all want care about ,['marioparty']
13380,super ,['marioparty']
13394,got side tracked watching is releasing on november 5th year ,['marioparty']
13416,want christmas yes please ,['marioparty']
13426,looks awesome ,['marioparty']
13438,super party been awhile hated me get october 5th ,['marioparty']
13467,who likes rock party super is coming on ,['marioparty']
13472,all right on switch way it was meant be played dick moves all ,"['marioparty', 'marioparty']"
13474,who likes rock party super is coming on october 5th ,['marioparty']
13488,looks amazing at ,['marioparty']
13507,also comes october ,['marioparty']
13516,who likes rock party super is coming on october 5th ,['marioparty']
13548,online ,['marioparty']
13573,who likes rock party super is coming on ,['marioparty']
13626,who likes rock party super is coming on ,['marioparty']
13663,who likes rock party super is coming on ,['marioparty']
13693,se para ,['marioparty']
13695,looks fun but is it just another gimmick ,['marioparty']
13716,super party va encore ,['marioparty']
13777,curious know switches need copies game ,['marioparty']
13792,like is definitely an new inventive way play ,"['marioparty', 'marioparty']"
13801,genial ,['marioparty']
13823,who likes rock party super is coming on ,['marioparty']
13824,who likes rock party super is coming on ,['marioparty']
13829,who likes rock party super is coming on ,['marioparty']
13835,who likes rock party super is coming on ,['marioparty']
13850,un party ,['marioparty']
13864,who likes rock party super is coming on ,['marioparty']
13942,who likes rock party super is coming on ,['marioparty']
13943,who likes rock party super is coming on ,['marioparty']
13961,who likes rock party super is coming on ,['marioparty']
13962,who likes rock party super is coming on ,['marioparty']
13966,party looks game two systems higher ,['marioparty']
13975,ab ,['marioparty']
13981,be breaking some controllers ,['marioparty']
13989,who likes rock party super is coming on ,['marioparty']
14017,super party coming switch ,['marioparty']
14075,who likes rock party super is coming on ,['marioparty']
14104,more friendships were destroyed by games then wars ,['marioparty']
14133,who likes rock party super is coming on ,['marioparty']
14136,instant cop ,['marioparty']
14138,who likes rock party super is coming on ,['marioparty']
14163,who likes rock party super is coming on ,['marioparty']
14168,finally got rid stupid car ,['marioparty']
14183,also looks alright ,['marioparty']
14220,who likes rock party super is coming on ,['marioparty']
14265,who likes rock party super is coming on ,['marioparty']
14281,who likes rock party super is coming on ,['marioparty']
14306,who likes rock party super is coming on october 5th ,['marioparty']
14309,it looks like might have fixed party ,['marioparty']
14311,who likes rock party super is coming on ,['marioparty']
14316,is basically party station so is day one purchase me ,['marioparty']
14362,love super party its like brought it back its original days ,['marioparty']
14377,like party is coming switch october ,['marioparty']
14410,is coming switch oct 5th ,['marioparty']
14415,who likes rock party super is coming on ,['marioparty']
14439,who likes rock party super is coming on october 5th ,['marioparty']
14440,who likes rock party super is coming on ,['marioparty']
14443,who likes rock party super is coming on ,['marioparty']
14456,yes prayers have been answered party on switch wait friendships crumble ,['marioparty']
14483,who likes rock party super is coming on ,['marioparty']
14500,who likes rock party super is coming on ,['marioparty']
14531,yeah ,['marioparty']
14545,who likes rock party super is coming on ,['marioparty']
14548,comes out october check out trailer here ,['marioparty']
14575,time lose some friends ,['marioparty']
14580,who likes rock party super is coming on october 5th ,['marioparty']
14581,who likes rock party super is coming on ,['marioparty']
14648,who likes rock party super is coming on october 5th ,['marioparty']
14678,so ready new time ,['marioparty']
14684,knew it knew it is coming october 5th switch thank ,['marioparty']
14709,who likes rock party super is coming on ,['marioparty']
14730,who likes rock party super is coming on ,['marioparty']
14748,also comes october ,['marioparty']
14753,who likes rock party super is coming on october 5th ,['marioparty']
14772,who likes rock party super is coming on october 5th ,['marioparty']
14792,who likes rock party super is coming on ,['marioparty']
14831,new looks so fun looks like some pretty ingenious uses switch tech in new games ,['marioparty']
14835,an awesome look at new game use switch in really new ways releases ,"['marioparty', 'marioparty']"
14847,who likes rock party super is coming on ,['marioparty']
14855,so pumped about new catch had gotten rid stupid cart or not hope ,['marioparty']
14857,who likes rock party super is coming on ,['marioparty']
14858,who likes rock party super is coming on ,['marioparty']
14865,who likes rock party super is coming on ,['marioparty']
14869,who likes rock party super is coming on ,['marioparty']
14940,who likes rock party super is coming on ,['marioparty']
14974,all right on switch way it was meant be played dick moves all ,"['marioparty', 'marioparty']"
14993,who likes rock party super is coming on ,['marioparty']
15005,in is absolute witchcraft listen any other explanation ,['marioparty']
15018,who likes rock party super is coming on ,['marioparty']
15027,party looks be back its best so down ,['marioparty']
15029,drunk party friends is definitely happening at place ,['marioparty']
15053,who likes rock party super is coming on ,['marioparty']
15054,who likes rock party super is coming on october 5th ,['marioparty']
15067,who likes rock party super is coming on ,['marioparty']
15075,in is ,['marioparty']
15106,who likes rock party super is coming on october 5th ,['marioparty']
15119,who likes rock party super is coming on ,['marioparty']
15120,who likes rock party super is coming on ,['marioparty']
15126,who likes rock party super is coming on ,['marioparty']
15142,looks amazing at ,['marioparty']
15201,announces new ,['marioparty']
15211,who likes rock party super is coming on ,['marioparty']
15246,who likes rock party super is coming on ,['marioparty']
15292,who likes rock party super is coming on october 5th ,['marioparty']
15340,who likes rock party super is coming on ,['marioparty']
15360,well guess still needed check switch ,"['marioparty', 'marioparty']"
15372,who likes rock party super is coming on ,['marioparty']
15374,looks amazing at ,['marioparty']
15412,is it weird first immediate thought seeing is it means another ,['marioparty']
15413,been looking good party game ,['marioparty']
15424,new is big news can combine switch screens make new looks cool ,['marioparty']
15518,who likes rock party super is coming on ,['marioparty']
15522,who likes rock party super is coming on october 5th ,['marioparty']
15560,who likes rock party super is coming on ,['marioparty']
15567,who likes rock party super is coming on ,['marioparty']
15592,who likes rock party super is coming on ,['marioparty']
15602,love me some party finally some news ,"['marioparty', 'fireemblem']"
15607,who likes rock party super is coming on october 5th ,['marioparty']
15618,die party am ,['marioparty']
15636,who likes rock party super is coming on ,['marioparty']
15638,who likes rock party super is coming on ,['marioparty']
15643,who likes rock party super is coming on ,['marioparty']
15649,who likes rock party super is coming on ,['marioparty']
15673,looks amazing at ,['marioparty']
15699,who likes rock party super is coming on ,['marioparty']
15752,europe likes rock party super is coming ,['marioparty']
15782,who likes rock party super is coming on october 5th ,['marioparty']
15852,is on now already announced plus new comes more come ,"['marioparty', 'fireemblem']"
15867,die party am ,['marioparty']
15895,who likes rock party super is coming on october 5th ,['marioparty']
15973,will be first ,['marioparty']
16012,sure hope is return form ,['marioparty']
16074,improves on recent blunders party finding harmonious ,['marioparty']
16127,who likes rock party super is coming on ,['marioparty']
16176,who likes rock party super is coming on ,['marioparty']
16178,who likes rock party super is coming on ,['marioparty']
16188,are getting releasing 5th october have look ,['marioparty']
16229,who likes rock party super is coming on ,['marioparty']
16240,who likes rock party super is coming on ,['marioparty']
16242,who likes rock party super is coming on ,['marioparty']
16284,die party am ,['marioparty']
16319,who likes rock party super is coming on ,['marioparty']
16328,die party am ,['marioparty']
16373,die party am ,['marioparty']
16402,die party am ,['marioparty']
16443,die party am ,['marioparty']
16486,who likes rock party super is coming on ,['marioparty']
16497,die party am ,['marioparty']
16536,die party am ,['marioparty']
16555,who likes rock party super is coming on ,['marioparty']
16579,who likes rock party super is coming on october 5th ,['marioparty']
16692,get party started super comes on ,['marioparty']
16734,looks amazing at ,['marioparty']
16744,die party am ,['marioparty']
16764,in is absolute witchcraft listen any other explanation ,['marioparty']
16770,das gutes party ,['marioparty']
16864,who likes rock party super is coming on ,['marioparty']
16923,trailer just made me scream like 16 year old girl ,['marioparty']
17037,looks amazing at ,['marioparty']
17142,who likes rock party super is coming on october 5th ,['marioparty']
17181,die party am ,['marioparty']
17211,who likes rock party super is coming on ,['marioparty']
17218,get party started super comes on ,['marioparty']
17223,who likes rock party super is coming on october 5th ,['marioparty']
17251,who likes rock party super is coming on ,['marioparty']
17298,no more cars bob ,['marioparty']
17301,who likes rock party super is coming on ,['marioparty']
17332,die party am ,['marioparty']
17432,who likes rock party super is coming on ,['marioparty']
17457,looks pretty cool finally ditched cat yay ,['marioparty']
17566,who likes rock party super is coming on ,['marioparty']
17643,comes out october check out trailer here ,['marioparty']
17651,who likes rock party super is coming on october 5th ,['marioparty']
17689,now is not time party know is looks like fit perfectly ,['marioparty']
17817,looks amazing at ,['marioparty']
17936,looks amazing at ,['marioparty']
17954,looks amazing ,['marioparty']
17992,who likes rock party super is coming on october 5th ,['marioparty']
18014,who likes rock party super is coming on ,['marioparty']
18050,looks amazing at ,['marioparty']
18051,who likes rock party super is coming on ,['marioparty']
18062,looks amazing at ,['marioparty']
18119,yay new party game wait ,['marioparty']
18159,who likes rock party super is coming on ,['marioparty']
18194,die party am ,['marioparty']
18254,who likes rock party super is coming on ,['marioparty']
18337,who likes rock party super is coming on ,['marioparty']
18343,party is getting new iteration on switch titled super be releasing on october 5th ,['marioparty']
18360,die party am ,['marioparty']
18465,who likes rock party super is coming on ,['marioparty']
18484,die party am ,['marioparty']
18573,wait hate friends again ,['marioparty']
18630,are getting releasing 5th october have look ,['marioparty']
18634,who likes rock party super is coming on ,['marioparty']
18672,who likes rock party super is coming on ,['marioparty']
18698,looks amazing at ,['marioparty']
18756,who likes rock party super is coming on ,['marioparty']
18765,like party is coming switch october ,['marioparty']
18841,who likes rock party super is coming on ,['marioparty']
18860,new new new doing bad so far ,"['marioparty', 'fireemblem']"
18924,bonito ,['marioparty']
18970,got rid car hype ,"['marioparty', 'marioparty']"
19048,looks amazing ,['marioparty']
19141,am totally down ,['marioparty']
19151,pour ,['marioparty']
19175,party is getting new iteration on switch titled super be releasing on october 5th ,['marioparty']
19202,die party am ,['marioparty']
19265,who likes rock party super is coming on ,['marioparty']
19277,looks amazing at ,['marioparty']
19307,who likes rock party super is coming on ,['marioparty']
19329,holy shit switch just shot top list ,['marioparty']
19330,who likes rock party super is coming on ,['marioparty']
19443,who likes rock party super is coming on october 5th ,['marioparty']
19488,who likes rock party super is coming on ,['marioparty']
19500,looks amazing at ,['marioparty']
19557,die party am ,['marioparty']
19746,who likes rock party super is coming on ,['marioparty']
19814,are getting releasing 5th october have look ,['marioparty']
19936,who likes rock party super is coming on october 5th ,['marioparty']
19981,who likes rock party super is coming on ,['marioparty']
19987,who likes rock party super is coming on october 5th ,['marioparty']
20034,new party game has just been announced no car ,['marioparty']
20109,looks amazing at ,['marioparty']
20143,who likes rock party super is coming on october 5th ,['marioparty']
20171,who likes rock party super is coming on ,['marioparty']
20206,who likes rock party super is coming on october 5th ,['marioparty']
20248,who likes rock party super is coming on ,['marioparty']
20306,who likes rock party super is coming on ,['marioparty']
20316,die party am ,['marioparty']
20317,finally current game shitty party bus feature forced it ,['marioparty']
20354,announced coming october switch ,['marioparty']
20367,who likes rock party super is coming on ,['marioparty']
20497,get party started super comes on order now pay nothing ,['marioparty']
20571,who likes rock party super is coming on ,['marioparty']
20731,who likes rock party super is coming on ,['marioparty']
20807,games are cheaper trade in ,['marioparty']
20867,who likes rock party super is coming on ,['marioparty']
20970,die party am ,['marioparty']
21036,just have is so incredibly excited ,"['marioparty', 'fireemblem']"
21077,are getting releasing 5th october have look ,['marioparty']
21146,who likes rock party super is coming on ,['marioparty']
21214,die party am ,['marioparty']
21348,are getting releasing 5th october have look ,['marioparty']
21361,die party am ,['marioparty']
21394,coming later year is looking be best on party game series ,['marioparty']
21428,super party direct ,['marioparty']
21444,die party am ,['marioparty']
21699,die party am ,['marioparty']
21702,in game ,"['pokemonletsgo', 'marioparty']"
21732,who likes rock party super is coming on ,['marioparty']
21752,yay new party game so excited ,['marioparty']
21827,who likes rock party super is coming on october 5th ,['marioparty']
21941,looks amazing at ,['marioparty']
22009,friends become enemies once more in coming october switch ,['marioparty']
22024,are getting releasing 5th october have look ,['marioparty']
22066,party is getting new iteration on switch titled super be releasing on october 5th ,['marioparty']
22140,who likes rock party super is coming on october 5th ,['marioparty']
22187,looks amazing at ,['marioparty']
22222,who likes rock party super is coming on october 5th ,['marioparty']
22294,get party started super comes on ,['marioparty']
22425,who likes rock party super is coming on ,['marioparty']
22451,get party started super comes on ,['marioparty']
22473,get party started super comes on ,['marioparty']
22527,friends become enemies once more in coming october switch ,['marioparty']
22556,get party started super comes on ,['marioparty']
22646,who likes rock party super is coming on ,['marioparty']
22690,get party started super comes on ,['marioparty']
22696,friends become enemies once more in coming october switch ,['marioparty']
22701,get party started super comes on ,['marioparty']
22742,who likes rock party super is coming on ,['marioparty']
22749,who likes rock party super is coming on ,['marioparty']
22752,who likes rock party super is coming on ,['marioparty']
22753,who likes rock party super is coming on ,['marioparty']
22754,who likes rock party super is coming on october 5th ,['marioparty']
22760,get party started super comes on ,['marioparty']
22836,in game play ,"['pokemonletsgo', 'marioparty']"
22842,who likes rock party super is coming on ,['marioparty']
22941,get party started super comes on ,['marioparty']
22944,party game desses pro switch agora on go super ,['marioparty']
22998,who likes rock party super is coming on ,['marioparty']
23023,friends become enemies once more in coming october switch ,['marioparty']
23042,get party started super comes on ,['marioparty']
23057,get party started super comes on ,['marioparty']
23126,super party switch ,['marioparty']
23132,friends become enemies once more in coming october switch ,['marioparty']
23162,who likes rock party super is coming on ,['marioparty']
23168,get party started super comes on ,['marioparty']
23172,get party started super comes on ,['marioparty']
23220,friends become enemies once more in coming october switch ,['marioparty']
23276,who likes rock party super is coming on ,['marioparty']
23388,get party started super comes on ,['marioparty']
23431,para ,['marioparty']
23459,who likes rock party super is coming on ,['marioparty']
23482,friends become enemies once more in coming october switch ,['marioparty']
23542,who likes rock party super is coming on october 5th ,['marioparty']
23559,who likes rock party super is coming on october 5th ,['marioparty']
23581,who likes rock party super is coming on october 5th ,['marioparty']
23669,get party started super comes on ,['marioparty']
23699,friends become enemies once more in coming october switch ,['marioparty']
23700,get party started super comes on ,['marioparty']
23811,die party am ,['marioparty']
24046,who likes rock party super is coming on ,['marioparty']
24057,get party started super comes on ,['marioparty']
24087,die party am ,['marioparty']
24093,get party started super comes on ,['marioparty']
24104,also getting on switch thank bout get even more messy now ,['marioparty']
24167,who likes rock party super is coming on ,['marioparty']
24188,who likes rock party super is coming on ,['marioparty']
24209,get party started super comes on ,['marioparty']
24226,all way ,['marioparty']
24254,friends become enemies once more in coming october switch ,['marioparty']
24335,get party started super comes on ,['marioparty']
24339,get party started super comes on ,['marioparty']
24411,get party started super comes on ,['marioparty']
24524,get party started super comes on ,['marioparty']
24658,super party is is party 10 or 11 now keep losing track either way excited ,['marioparty']
24764,who likes rock party super is coming on october 5th ,['marioparty']
24781,friends become enemies once more in coming october switch ,['marioparty']
24810,get party started super comes on ,['marioparty']
24865,get party started super comes on ,['marioparty']
25239,get party started super comes on ,['marioparty']
25254,who likes rock party super is coming on october 5th ,['marioparty']
25314,who likes rock party super is coming on ,['marioparty']
25358,get party started super comes on ,['marioparty']
25463,friends become enemies once more in coming october switch ,['marioparty']
25522,who likes rock party super is coming on ,['marioparty']
25586,who likes rock party super is coming on ,['marioparty']
25598,who likes rock party super is coming on ,['marioparty']
25643,who likes rock party super is coming on ,['marioparty']
25753,get party started super comes on ,['marioparty']
25825,who likes rock party super is coming on ,['marioparty']
25890,get party started super comes on ,['marioparty']
26032,get party started super comes on ,['marioparty']
26067,who likes rock party super is coming on ,['marioparty']
26151,super party is is party 10 or 11 now keep losing track either way excited ,['marioparty']
26192,get party started super comes on ,['marioparty']
26266,get party started super comes on ,['marioparty']
26425,are ready new announced at have all kinds great gear ,['marioparty']
26545,get party started super comes on ,['marioparty']
26603,get party started super comes on ,['marioparty']
26671,get party started super comes on ,['marioparty']
26768,get party started super comes on ,['marioparty']
26791,are pumped ,['marioparty']
26868,got rid car yay ,['marioparty']
26936,who likes rock party super is coming on october 5th ,['marioparty']
27013,who likes rock party super is coming on ,['marioparty']
27037,get party started super comes on ,['marioparty']
27061,die party am ,['marioparty']
27265,knew it knew it is coming october 5th switch thank ,['marioparty']
27301,who likes rock party super is coming on ,['marioparty']
27350,just announced new game it looks like old ones brother is going down ,['marioparty']
27414,get party started super comes on ,['marioparty']
27435,get party started super comes on ,['marioparty']
27568,who likes rock party super is coming on ,['marioparty']
27648,get party started super comes on ,['marioparty']
27680,get party started super comes on ,['marioparty']
27681,get party started super comes on ,['marioparty']
27738,friends become enemies once more in coming october switch ,['marioparty']
27797,get party started super comes on ,['marioparty']
27806,get party started super comes on ,['marioparty']
27898,party looks be back its best so down ,['marioparty']
27926,who likes rock party super is coming on october 5th ,['marioparty']
27942,literally all wanted maybe new ,"['marioparty', 'pokemonletsgo']"
28065,friends become enemies once more in coming october switch ,['marioparty']
28102,get party started super comes on ,['marioparty']
28188,get party started super comes on ,['marioparty']
28201,super party switch ,['marioparty']
28309,super party direct ,['marioparty']
28319,get party started super comes on ,['marioparty']
28339,get party started super comes on ,['marioparty']
28341,friends become enemies once more in coming october switch ,['marioparty']
28351,get party started super comes on ,['marioparty']
28368,die party am ,['marioparty']
28400,get party started super comes on ,['marioparty']
28405,get party started super comes on ,['marioparty']
28440,who likes rock party super is coming on ,['marioparty']
28442,get party started super comes on ,['marioparty']
28465,get party started super comes on ,['marioparty']
28509,get party started super comes on ,['marioparty']
28517,get party started super comes on ,['marioparty']
28532,get party started super comes on ,['marioparty']
28574,friends become enemies once more in coming october switch ,['marioparty']
28600,get party started super comes on ,['marioparty']
28628,get party started super comes on ,['marioparty']
28720,get party started super comes on ,['marioparty']
29196,get party started super comes on ,['marioparty']
29299,get party started super comes on ,['marioparty']
29340,get party started super comes on ,['marioparty']
29404,friends become enemies once more in coming october switch ,['marioparty']
29416,get party started super comes on ,['marioparty']
29453,get party started super comes on ,['marioparty']
29484,get party started super comes on ,['marioparty']
29637,super ,['marioparty']
29702,get party started super comes on ,['marioparty']
29843,looks amazing at ,['marioparty']
29907,friends become enemies once more in coming october switch ,['marioparty']
29938,who likes rock party super is coming on ,['marioparty']
29997,get party started super comes on ,['marioparty']
30010,get party started super comes on ,['marioparty']
30016,get party started super comes on ,['marioparty']
30156,time ruin all friendships ,"['smashbros', 'marioparty']"
30206,get party started super comes on ,['marioparty']
30208,get party started super comes on ,['marioparty']
30275,get party started super comes on ,['marioparty']
30420,get party started super comes on ,['marioparty']
30576,so hyped game it looks so amazing ,['marioparty']
30700,get party started super comes on ,['marioparty']
30704,get party started super comes on ,['marioparty']
30747,get party started super comes on ,['marioparty']
31252,friends become enemies once more in coming october switch ,['marioparty']
31379,get party started super comes on ,['marioparty']
31436,friends become enemies once more in coming october switch ,['marioparty']
31479,get party started super comes on ,['marioparty']
31672,get party started super comes on ,['marioparty']
32177,get party started super comes on ,['marioparty']
32386,get party started super comes on ,['marioparty']
32944,friends become enemies once more in coming october switch ,['marioparty']
33788,get party started super comes on ,['marioparty']
34404,get party started super comes on ,['marioparty']
34625,get party started super comes on ,['marioparty']
34641,who likes rock party super is coming on ,['marioparty']
34736,get party started super comes on ,['marioparty']
34847,super ,['marioparty']
34904,also getting on switch thank bout get even more messy now ,['marioparty']
35647,get party started super comes on ,['marioparty']
35668,get party started super comes on ,['marioparty']
35864,who likes rock party super is coming on october 5th ,['marioparty']
35981,super ,['marioparty']
36327,get party started super comes on ,['marioparty']
36350,get party started super comes on ,['marioparty']
36812,who likes rock party super is coming on ,['marioparty']
37377,get party started super comes on ,['marioparty']
37634,get party started super comes on ,['marioparty']
37683,who likes rock party super is coming on ,['marioparty']
37740,friends become enemies once more in coming october switch ,['marioparty']
37789,get party started super comes on ,['marioparty']
38327,who likes rock party super is coming on october 5th ,['marioparty']
38350,looks amazing at ,['marioparty']
38423,who likes rock party super is coming on october 5th ,['marioparty']
38665,who likes rock party super is coming on ,['marioparty']
38899,get party started super comes on ,['marioparty']
39845,get party started super comes on ,['marioparty']
40750,get party started super comes on ,['marioparty']
40766,get party started super comes on ,['marioparty']
40939,get party started super comes on ,['marioparty']
40998,get party started super comes on ,['marioparty']
41363,friends become enemies once more in coming october switch ,['marioparty']
41451,who likes rock party super is coming on ,['marioparty']
41591,who likes rock party super is coming on ,['marioparty']
41974,get party started super comes on ,['marioparty']
42020,get party started super comes on ,['marioparty']
42109,who likes rock party super is coming on october 5th ,['marioparty']
42260,cool but add online ,['marioparty']
42383,in is absolute witchcraft listen any other explanation ,['marioparty']
42389,who likes rock party super is coming on ,['marioparty']
42794,super party is coming switch on october ,['marioparty']
42818,get party started super comes on ,['marioparty']
42923,get party started super comes on ,['marioparty']
43091,are getting releasing 5th october have look ,['marioparty']
43166,super party switch ,['marioparty']
43292,get party started super comes on ,['marioparty']
43719,get party started super comes on ,['marioparty']
43757,super party switch ,['marioparty']
44527,get party started super comes on ,['marioparty']
45140,get party started super comes on ,['marioparty']
45755,who likes rock party super is coming on ,['marioparty']
46390,who likes rock party super is coming on october 5th ,['marioparty']
47009,get party started super comes on ,['marioparty']
47053,get party started super comes on ,['marioparty']
47349,friends become enemies once more in coming october switch ,['marioparty']
47545,get party started super comes on ,['marioparty']
47757,in is absolute witchcraft listen any other explanation ,['marioparty']
48089,get party started super comes on ,['marioparty']
48378,get party started super comes on ,['marioparty']
48862,die party am ,['marioparty']
48977,holy santa clause shit is coming switch dude killed it ,['marioparty']
49151,who likes rock party super is coming on ,['marioparty']
49309,who likes rock party super is coming on ,['marioparty']
49396,die party am ,['marioparty']
49844,oh were due screens put together ,['marioparty']
49920,die party am ,['marioparty']
50099,get party started super comes on ,['marioparty']
50362,who likes rock party super is coming on october 5th ,['marioparty']
50482,who likes rock party super is coming on ,['marioparty']
50541,get party started super comes on ,['marioparty']
50740,who likes rock party super is coming on october 5th ,['marioparty']
50747,friends become enemies once more in coming october switch ,['marioparty']
51036,comes out october check out trailer here ,['marioparty']
51072,get party started super comes on ,['marioparty']
51542,go has been announced at year have all costume needs ,['marioparty']
51804,series is coming bringing new characters ,"['marioparty', 'marioparty']"
51942,get party started super comes on ,['marioparty']
52039,who likes rock party super is coming on october 5th ,['marioparty']
52234,who likes rock party super is coming on october 5th ,['marioparty']
52327,who likes rock party super is coming on ,['marioparty']
52922,get party started super comes on ,['marioparty']
53814,in is absolute witchcraft listen any other explanation ,['marioparty']
53853,die party am ,['marioparty']
54299,get party started super comes on ,['marioparty']
54781,get party started super comes on ,['marioparty']
55088,friends become enemies once more in coming october switch ,['marioparty']
55438,get party started super comes on ,['marioparty']
55451,get party started super comes on ,['marioparty']
55943,die ,['marioparty']
56334,who likes rock party super is coming on october 5th ,['marioparty']
56696,get party started super comes on ,['marioparty']
57057,did heard is coming year ,"['marioparty', 'marioparty']"
57062,who likes rock party super is coming on ,['marioparty']
57180,who likes rock party super is coming on ,['marioparty']
57750,looks amazing at ,['marioparty']
60206,who likes rock party super is coming on october 5th ,['marioparty']
61306,get party started super comes on ,['marioparty']
61875,who likes rock party super is coming on ,['marioparty']
62175,who likes rock party super is coming on ,['marioparty']
62412,super ,['marioparty']
62795,who likes rock party super is coming on october 5th ,['marioparty']
63543,who likes rock party super is coming on ,['marioparty']
63722,looks good all new features are ridiculous ,"['smashbros', 'marioparty']"
64351,is toad in happy see pom pom need toad ,['marioparty']
64806,who likes rock party super is coming on october 5th ,['marioparty']
65280,who likes rock party super is coming on ,['marioparty']
66167,encore ,"['smashbros', 'marioparty']"
66336,who likes rock party super is coming on october 5th ,['marioparty']
66564,die party am ,['marioparty']
70533,man als ,['marioparty']
71914,get party started super comes on ,['marioparty']
72301,who likes rock party super is coming on october 5th ,['marioparty']
72879,who likes rock party super is coming on ,['marioparty']
74233,get party started super comes on ,['marioparty']
74448,get party started super comes on ,['marioparty']
75850,looks amazing at ,['marioparty']
77055,who likes rock party super is coming on october 5th ,['marioparty']
77419,who likes rock party super is coming on october 5th ,['marioparty']
77834,who likes rock party super is coming on october 5th ,['marioparty']
77997,get party started super comes on ,['marioparty']
78399,who likes rock party super is coming on ,['marioparty']
78839,die party am ,['marioparty']
79002,who likes rock party super is coming on ,['marioparty']
79161,who likes rock party super is coming on ,['marioparty']
79207,get party started super comes on ,['marioparty']
79424,get party started super comes on ,['marioparty']
79619,new brings us back old format ,['marioparty']
79766,who likes rock party super is coming on october 5th ,['marioparty']
79781,get party started super comes on ,['marioparty']
80079,who likes rock party super is coming on ,['marioparty']
80183,who likes rock party super is coming on october 5th ,['marioparty']
80448,get party started super comes on ,['marioparty']
80475,who likes rock party super is coming on ,['marioparty']
80592,friends become enemies once more in coming october switch ,['marioparty']
80722,get party started super comes on ,['marioparty']
80819,get party started super comes on ,['marioparty']
81263,who likes rock party super is coming on ,['marioparty']
81765,who likes rock party super is coming on october 5th ,['marioparty']
81800,get party started super comes on ,['marioparty']
81808,get party started super comes on ,['marioparty']
82161,super party para switch ,['marioparty']
82927,get party started super comes on ,['marioparty']
83459,who likes rock party super is coming on ,['marioparty']
83583,super ,['marioparty']
83676,who likes rock party super is coming on october 5th ,['marioparty']
83842,who likes rock party super is coming on ,['marioparty']
84149,die party am ,['marioparty']
84162,short thoughts looks fucking insane looks fun as well as fan ,"['smashbros', 'marioparty']"
84273,who likes rock party super is coming on ,['marioparty']
85072,who likes rock party super is coming on ,['marioparty']
85355,are getting releasing 5th october have look ,['marioparty']
85699,get party started super comes on ,['marioparty']
85966,in is absolute witchcraft listen any other explanation ,['marioparty']
86086,super party official game trailer ,['marioparty']
86134,who likes rock party super is coming on october 5th ,['marioparty']
86151,get party started super comes on ,['marioparty']
86265,who likes rock party super is coming on october 5th ,['marioparty']
86709,guys killed it me ,"['fireemblem', 'smashbros', 'marioparty']"
87218,looks amazing at ,['marioparty']
87788,who likes rock party super is coming on ,['marioparty']
88198,super party official game trailer ,['marioparty']
88225,who likes rock party super is coming on ,['marioparty']
88389,who likes rock party super is coming on ,['marioparty']
88413,who likes rock party super is coming on ,['marioparty']
88784,get party started super comes on ,['marioparty']
89312,grade excited but too much time on ,"['smashbros', 'marioparty']"
90042,super ,['marioparty']
90161,who likes rock party super is coming on ,['marioparty']
90273,get party started super comes on ,['marioparty']
90370,who likes rock party super is coming on ,['marioparty']
90422,who likes rock party super is coming on october 5th ,['marioparty']
90863,who likes rock party super is coming on ,['marioparty']
91049,who likes rock party super is coming on ,['marioparty']
91159,oh freaking god super party switch party is on switch ,"['marioparty', 'marioparty']"
91184,get party started super comes on ,['marioparty']
91405,who likes rock party super is coming on ,['marioparty']
91823,get party started super comes on ,['marioparty']
92142,oh wow did come party about be lit again ,['marioparty']
92244,was definitely surprise actually has me lack ,"['marioparty', 'smashbros']"
92312,buzzing super party ,['marioparty']
92603,get party started super comes on ,['marioparty']
92706,who likes rock party super is coming on ,['marioparty']
92878,oh freaking god super party switch party is on switch ,"['marioparty', 'marioparty']"
93266,who likes rock party super is coming on october 5th ,['marioparty']
93280,love concept new game switch looking forward destroying friendships again ,['marioparty']
93308,get party started super comes on ,['marioparty']
93571,get party started super comes on ,['marioparty']
93694,who likes rock party super is coming on ,['marioparty']
93758,who likes rock party super is coming on october 5th ,['marioparty']
93765,who likes rock party super is coming on ,['marioparty']
93837,die party am ,['marioparty']
94167,wrap ,"['marioparty', 'smashbros', 'fireemblem']"
94229,who likes rock party super is coming on ,['marioparty']
94650,who likes rock party super is coming on october 5th ,['marioparty']
94746,super excited not stuck riding in car other players in thank ,['marioparty']
95038,budget in is so screw ,"['smashbros', 'marioparty']"
96158,die party am ,['marioparty']
96187,wrap ,"['marioparty', 'smashbros', 'fireemblem']"
96465,get party started super comes on ,['marioparty']
96488,get party started super comes on ,['marioparty']
96490,in game play ,"['pokemonletsgo', 'marioparty']"
96781,was wonderful wait ,"['smashbros', 'marioparty']"
96798,die party am ,['marioparty']
96848,are officially back on at hq ,"['marioparty', 'marioparty']"
96902,who likes rock party super is coming on ,['marioparty']
97545,die party am ,['marioparty']
97547,who likes rock party super is coming on october 5th ,['marioparty']
97609,who likes rock party super is coming on ,['marioparty']
97851,get party started super comes on ,['marioparty']
97980,bunch ,"['smashbros', 'marioparty']"
98071,get party started super comes on ,['marioparty']
98118,who likes rock party super is coming on ,['marioparty']
98134,who likes rock party super is coming on ,['marioparty']
98185,die party am ,['marioparty']
98423,bunch ,"['smashbros', 'marioparty']"
98479,get party started super comes on ,['marioparty']
98927,who likes rock party super is coming on ,['marioparty']
98936,who likes rock party super is coming on ,['marioparty']
99351,smashing ,"['smashbros', 'fireemblem', 'pokemonletsgo', 'marioparty']"
100307,who likes rock party super is coming on october 5th ,['marioparty']
100992,who likes rock party super is coming on october 5th ,['marioparty']
101633,excited ,"['smashbros', 'fireemblem', 'marioparty', 'pokemonletsgo']"
101961,who likes rock party super is coming on october 5th ,['marioparty']
102556,para ,['marioparty']
102741,who likes rock party super is coming on october 5th ,['marioparty']
102930,get party started super comes on ,['marioparty']
102971,who likes rock party super is coming on ,['marioparty']
102996,looks amazing at ,['marioparty']
103058,get party started super comes on ,['marioparty']
103130,who likes rock party super is coming on october 5th ,['marioparty']
103167,who likes rock party super is coming on october 5th ,['marioparty']
103233,die party am ,['marioparty']
103284,friends become enemies once more in coming october switch ,['marioparty']
103337,who likes rock party super is coming on ,['marioparty']
103758,get party started super comes on ,['marioparty']
103969,who likes rock party super is coming on ,['marioparty']
104156,who likes rock party super is coming on ,['marioparty']
104251,playable ,['marioparty']
104395,get party started super comes on ,['marioparty']
104469,looks amazing at ,['marioparty']
