,Tweet,Cleaned,,,,,,Label
0,"RT @PamelaHorton13: Got my GIRL back for #SuperSmashBrosUltimate! Bayonetttaaaa!!!

#NintendoE3",got girl back ,,,,,,1
1,"RT @gamespot: Super #SmashBros roster revealed, featuring Snake and every fighter in history joining the battle! #NintendoE3 #E32018 #GameS‚Ä¶",super roster revealed featuring snake every fighter history joining battle ,,,,,,1
2,Man I wish I saved my GameCube controllers lol #Smashbrosultimate #NintendoE3,man wish saved controller ,,,,,,1
3,RT @GameStop: #Ridley joins the cast of fighters in one of the coolest cinematics we‚Äôve seen so far at #E32018! #SuperSmashBrosUltimate rel‚Ä¶,join cast fighter one coolest cinematic seen far ,,,,,,1
4,RT @NintendoEurope: Everyone is here! Every fighter in the series' history is joining the battle in Super #SmashBros Ultimate on #NintendoS‚Ä¶,every fighter series history joining battle super ultimate ,,,,,,1
5,#SuperSmashBrosUltimate - Oh my god. Pulled it out of the hat. Incredible. #NintendoDirect,oh god pulled hat incredible ,,,,,,1
6,"SUPER SMASH BROS ULTIMATE
#SmashBros #NintendoE3 #NintendoSwitch #E32018",super smash ultimate ,,,,,,1
7,This is just too damn amazing!!!! #SuperSmashBros #NintendoE3 #E32018,damn amazing ,,,,,,1
8,Hi I‚Äôm Daisy #SmashBrosUltimate  #NintendoE3 #E32018,hi daisy ,,,,,,1
9,RT @NintendoEurope: Everyone is here! Every fighter in the series' history is joining the battle in Super #SmashBros Ultimate on #NintendoS‚Ä¶,every fighter series history joining battle super ultimate ,,,,,,1
10,HERE WE GO BOIIIIIISSS!!! #SmashBros #NintendoE3,here go ,,,,,,1
11,RT @NintendoEurope: Everyone is here! Every fighter in the series' history is joining the battle in Super #SmashBros Ultimate on #NintendoS‚Ä¶,every fighter series history joining battle super ultimate ,,,,,,1
12,RT @hiitsmeyanii: Animal Crossing fans walking in to hear about potential Switch News vs Smash fans everywhere #NintendoDirect #Smash #Smas‚Ä¶,animal crossing fan walking hear potential switch news smash fan everywhere ,,,,,,1
13,RT @NintendoVSUK: He's finally here. Ridley joins Super #SmashBros Ultimate on #NintendoSwitch as a playable fighter! #NintendoE3 https://t‚Ä¶,he finally ridley join super ultimate playable fighter ,,,,,,1
14,MY ARMS ARE SHAKING #NintendoE3 #E32018 #SuperSmashBrosUltimate,arm are shaking ,,,,,,1
15,"RT @mbrleigh: Disney: Infinity War is the most ambitious crosso-
#NintendoE3 with #SmashBrosSwitch : https://t.co/Lx27oMir7S",disney infinity war ,,,,,,1
16,RT @NintendoEurope: Everyone is here! Every fighter in the series' history is joining the battle in Super #SmashBros Ultimate on #NintendoS‚Ä¶,every fighter series history joining battle super ultimate ,,,,,,1
17,Every smash character there's ever been?! #SmashBrosSwitch #NintendoE3 LOVE zelda' design too...,every smash character ever love design ,,,,,,1
18,RT @AshPaulsen: DID THEY REALLY HAVE TO WAIT THAT LONG TO SHOW MEGA MAN I'M LEGIT TREMBLING HERE #NintendoSwitch #E3 #NintendoE3 #SmashBros,did really have wait long show man trembling here ,,,,,,1
19,"RT @mbrleigh: Disney: Infinity War is the most ambitious crosso-
#NintendoE3 with #SmashBrosSwitch : https://t.co/Lx27oMir7S",disney infinity war ,,,,,,1
20,RT @NintendoEurope: Treehouse: Live at #E32018 begins with a special look at Super #SmashBros Ultimate with none other than series director‚Ä¶,live begin special look super ultimate none series ,,,,,,1
21,"Smashing news for #NintendoE3 Also, Yoshi ate Luigi and shat him out. HAHAHAHAHAHAHA. #SuperSmashBros 

Also, all f‚Ä¶ https://t.co/MeJz5slBR2",smashing news also ate shat also ,,,,,,1
22,RT @NintendoEurope: He's finally here. Ridley joins Super #SmashBros Ultimate on #NintendoSwitch as a playable fighter! #NintendoE3 https:/‚Ä¶,he finally ridley join super ultimate playable fighter ,,,,,,1
23,RT @NintendoEurope: He's finally here. Ridley joins Super #SmashBros Ultimate on #NintendoSwitch as a playable fighter! #NintendoE3 https:/‚Ä¶,he finally ridley join super ultimate playable fighter ,,,,,,1
24,"RT @NinSwitchNews: Everyone is here in Super #SmashBros Ultimate! (#NintendoSwitch)

#NintendoE3 #E32018 https://t.co/XqOy2pdAGD",super ultimate ,,,,,,1
25,RT @NintendoEurope: Everyone is here! Every fighter in the series' history is joining the battle in Super #SmashBros Ultimate on #NintendoS‚Ä¶,every fighter series history joining battle super ultimate ,,,,,,1
26,"RT @MarzGurl: SAKURAI, YOU MADMAN!

#NintendoE3 #SmashBros #E32018",madman ,,,,,,1
27,RT @NintendoEurope: Super #SmashBros Ultimate comes to #NintendoSwitch on 07/12! #NintendoE3 https://t.co/fa7PBgB42m,super ultimate come ,,,,,,1
28,"RT @NintendoEurope: Final Smashes are straight to the point this time, so you can get right back to fighting. #SmashBros #NintendoE3 https:‚Ä¶",final smash straight point time get right back fighting ,,,,,,1
29,"RT @GeekVibesNation: Ridley from Metroid has been revealed #SuperSmashBros Available December 7, 2018 #NintendoE3  #E3 https://t.co/M3QCocD‚Ä¶",ridley ha revealed available december ,,,,,,1
30,RT @CheyenneYoutube: This new #SmashBrosUltimate cover makes the #InifnityWar poster look like dust. üòÇ #E3 #NintendoE3 https://t.co/15ew9go‚Ä¶,new cover make poster look like dust ,,,,,,1
31,Mii Fighters look like Miitomos‚Ä¶ #SuperSmashBros #E3 #NintendoE3,fighter look like ,,,,,,1
32,"RT @NintendoSwitchC: EVERYONE IS HERE!

Every single Super Smash Bros fighter returns in #SmashBros Switch! #NintendoSwitch #NintendoE3 htt‚Ä¶",is single super smash fighter return switch ,,,,,,1
33,"1. Let‚Äôs see some gameplay

2. I was about to go off for Luigi. He doesn‚Äôt deserve disrespect.

#E32018 #NintendoE3 #SmashBros",let see wa go he deserve disrespect ,,,,,,1
34,RT @NintendoEurope: Mr Sakurai is here to talk about the recently announced Super #SmashBros game for #NintendoSwitch! #NintendoE3,mr talk recently announced super game ,,,,,,1
35,I like the look of how the inkling works. Can't wait to try them. #SmashSwitch #splatoon  #NintendoE3,like look inkling work ca wait try ,,,,,,1
36,Is it every level too? I would do anything for it to be every level too #E3 #NintendoE3 #SmashSwitch,is every level every level ,,,,,,1
37,"Hehe, they're allowing the Gamecube controllers back again, just like they did with the WiiU¬†#SuperSmashBrosUltimate #NintendoE3",allowing controller back like ,,,,,,1
38,"WHEN THEY SAY EVERYONE IS HERE, THEY MEAN EVERYONE IS HERE!!! #SmashBros #NintendoE3",say is here mean is here ,,,,,,1
39,RT @NintendoEurope: He's finally here. Ridley joins Super #SmashBros Ultimate on #NintendoSwitch as a playable fighter! #NintendoE3 https:/‚Ä¶,he finally ridley join super ultimate playable fighter ,,,,,,1
40,RT @NintendoVSUK: Super #SmashBros Ultimate comes to #NintendoSwitch on December 7th! #NintendoE3 https://t.co/6MrS8E4LY7,super ultimate come december 7th ,,,,,,1
41,"RT @NinSwitchNews: Everyone is here in Super #SmashBros Ultimate! (#NintendoSwitch)

#NintendoE3 #E32018 https://t.co/XqOy2pdAGD",super ultimate ,,,,,,1
42,KONGO JUNGLE! MY OLD FAVORITE!! PRINCESS PEACH‚ÄôS CASTLE!! #NintendoE3 #SmashBros,kongo jungle old favorite princes peach castle ,,,,,,1
43,"RT @gamespot: Super #SmashBros roster revealed, featuring Snake and every fighter in history joining the battle! #NintendoE3 #E32018 #GameS‚Ä¶",super roster revealed featuring snake every fighter history joining battle ,,,,,,1
44,RT @NintendoEurope: He's finally here. Ridley joins Super #SmashBros Ultimate on #NintendoSwitch as a playable fighter! #NintendoE3 https:/‚Ä¶,he finally ridley join super ultimate playable fighter ,,,,,,1
45,RT @NintendoEurope: Everyone is here! Every fighter in the series' history is joining the battle in Super #SmashBros Ultimate on #NintendoS‚Ä¶,every fighter series history joining battle super ultimate ,,,,,,1
46,RT @NintendoEurope: Everyone is here! Every fighter in the series' history is joining the battle in Super #SmashBros Ultimate on #NintendoS‚Ä¶,every fighter series history joining battle super ultimate ,,,,,,1
47,RT @NintendoEurope: Everyone is here! Every fighter in the series' history is joining the battle in Super #SmashBros Ultimate on #NintendoS‚Ä¶,every fighter series history joining battle super ultimate ,,,,,,1
48,RT @NintendoEurope: Everyone is here! Every fighter in the series' history is joining the battle in Super #SmashBros Ultimate on #NintendoS‚Ä¶,every fighter series history joining battle super ultimate ,,,,,,1
49,"RT @NinSwitchNews: Super #SmashBros. Ultimate is looking awesome! Who are you excited to play as again?

#NintendoE3 #E32018 https://t.co/O‚Ä¶",super ultimate looking awesome who excited play ,,,,,,1
50,RT @NintendoEurope: Treehouse: Live at #E32018 begins with a special look at Super #SmashBros Ultimate with none other than series director‚Ä¶,live begin special look super ultimate none series ,,,,,,1
51,RT @NintendoEurope: Everyone is here! Every fighter in the series' history is joining the battle in Super #SmashBros Ultimate on #NintendoS‚Ä¶,every fighter series history joining battle super ultimate ,,,,,,1
52,"I'M OVLERY HAPPY ABOUT SMASH SUPER HYPED 

LOOKS UNREAL 

BUT IS THAT IT.
IT WAS A GREAT SMASH DIRECT.

#E32018 #NintendoE3 #E3 #SmashBros",happy about smash super hyped look unreal but is wa great smash direct ,,,,,,1
53,RT @MidcarderJ: This is too much. This is brilliant. #E32018 #SmashBros #NintendoE3 https://t.co/WpLYb3WTv5,much brilliant ,,,,,,1
54,"Aaaaah! Enfin #SuperSmashBros!!!
Alors qu'est-ce qui nous attends?!
#NintendoE3 #E3CaroJu
#E3 #E32018 
https://t.co/rLTykI2Zlw",attend ,,,,,,1
55,RT @NintendoEurope: Super #SmashBros Ultimate comes to #NintendoSwitch on 07/12! #NintendoE3 https://t.co/fa7PBgB42m,super ultimate come ,,,,,,1
56,RT @NintendoEurope: Super #SmashBros Ultimate comes to #NintendoSwitch on 07/12! #NintendoE3 https://t.co/fa7PBgB42m,super ultimate come ,,,,,,1
57,#SuperSmashBros I'm so hyped you have no idea this switch version is like a super HD 2.0 version the final edition‚Ä¶ https://t.co/FkopfW1g6R,hyped idea switch version like super version final ,,,,,,1
58,"RT @mbrleigh: Disney: Infinity War is the most ambitious crosso-
#NintendoE3 with #SmashBrosSwitch : https://t.co/Lx27oMir7S",disney infinity war ,,,,,,1
59,"RT @gamespot: Super #SmashBrosUltimate releases for Nintendo Switch on December 7, 2018! #NintendoE3 #SmashBros #GameSpotE3 https://t.co/4z‚Ä¶",super release switch december ,,,,,,1
60,RT @NintendoEurope: He's finally here. Ridley joins Super #SmashBros Ultimate on #NintendoSwitch as a playable fighter! #NintendoE3 https:/‚Ä¶,he finally ridley join super ultimate playable fighter ,,,,,,1
61,This is so much... JEEZ! #Smash #NintendoE3 #E32018,much ,,,,,,1
62,"RT @NinSwitchNews: Everyone is here in Super #SmashBros Ultimate! (#NintendoSwitch)

#NintendoE3 #E32018 https://t.co/XqOy2pdAGD",super ultimate ,,,,,,1
63,RT @NintendoEurope: Everyone is here! Every fighter in the series' history is joining the battle in Super #SmashBros Ultimate on #NintendoS‚Ä¶,every fighter series history joining battle super ultimate ,,,,,,1
64,I Love it!! Yes!! #SuperSmashBroUltimate #NintendoE3 #E32018,love ,,,,,,1
65,RT @NintendoEurope: Everyone is here! Every fighter in the series' history is joining the battle in Super #SmashBros Ultimate on #NintendoS‚Ä¶,every fighter series history joining battle super ultimate ,,,,,,1
66,RT @triniitea: THANK YOU NINTENDOOOOOOOOOOOOOOOOOOOOOOOOOOOO #NintendoE3 #SuperSmashBros https://t.co/3VvolRVt2z,thank ,,,,,,1
67,"RT @NintendoSwitchC: EVERYONE IS HERE!

Every single Super Smash Bros fighter returns in #SmashBros Switch! #NintendoSwitch #NintendoE3 htt‚Ä¶",is single super smash fighter return switch ,,,,,,1
68,"RT @NinSwitchNews: Everyone is here in Super #SmashBros Ultimate! (#NintendoSwitch)

#NintendoE3 #E32018 https://t.co/XqOy2pdAGD",super ultimate ,,,,,,1
69,RT @NintendoEurope: He's finally here. Ridley joins Super #SmashBros Ultimate on #NintendoSwitch as a playable fighter! #NintendoE3 https:/‚Ä¶,he finally ridley join super ultimate playable fighter ,,,,,,1
70,"RT @gamespot: Super #SmashBrosUltimate releases for Nintendo Switch on December 7, 2018! #NintendoE3 #SmashBros #GameSpotE3 https://t.co/4z‚Ä¶",super release switch december ,,,,,,1
71,"The Inkling looks Sadistic.
Did you see their combos?
#SmashSwitch #SmashBrosUltimate #NintendoDirect",inkling look see combo ,,,,,,1
72,RT @NintendoEurope: He's finally here. Ridley joins Super #SmashBros Ultimate on #NintendoSwitch as a playable fighter! #NintendoE3 https:/‚Ä¶,he finally ridley join super ultimate playable fighter ,,,,,,1
73,RT @NintendoEurope: Super #SmashBros Ultimate comes to #NintendoSwitch on 07/12! #NintendoE3 https://t.co/fa7PBgB42m,super ultimate come ,,,,,,1
74,RT @NintendoEurope: Everyone is here! Every fighter in the series' history is joining the battle in Super #SmashBros Ultimate on #NintendoS‚Ä¶,every fighter series history joining battle super ultimate ,,,,,,1
75,"RT @NintendoUK: Treehouse: Live at #E32018 is showcasing new playable character Ridley in Super #SmashBros Ultimate and more! #NintendoE3
h‚Ä¶",live new playable character ridley super ultimate ,,,,,,1
76,So... They made their goal right? Between #SmashUltimate and #Pokemon #LetsGo ... I should invest... #SmashBros #Switch #E3 #NintendoDirect,so made goal right between invest ,,,,,,1
77,RT @NintendoVSUK: Everyone is here! Every fighter in the series' history is joining the battle in Super #SmashBros Ultimate on #NintendoSwi‚Ä¶,every fighter series history joining battle super ultimate ,,,,,,1
78,"RT @NinSwitchNews: Everyone is here in Super #SmashBros Ultimate! (#NintendoSwitch)

#NintendoE3 #E32018 https://t.co/XqOy2pdAGD",super ultimate ,,,,,,1
79,RT @NintendoEurope: Everyone is here! Every fighter in the series' history is joining the battle in Super #SmashBros Ultimate on #NintendoS‚Ä¶,every fighter series history joining battle super ultimate ,,,,,,1
80,"RT @NintendoEurope: Final Smashes are straight to the point this time, so you can get right back to fighting. #SmashBros #NintendoE3 https:‚Ä¶",final smash straight point time get right back fighting ,,,,,,1
81,"RT @NinSwitchNews: ""HI I'M DAISY!""

Super #SmashBros. Ultimate
#NintendoE3 #E32018 https://t.co/eyARJTL7NI",hi daisy super ultimate ,,,,,,1
82,Soccer Y! #nintendoe3 #smash #e3,soccer ,,,,,,1
83,RT @NintendoEurope: Everyone is here! Every fighter in the series' history is joining the battle in Super #SmashBros Ultimate on #NintendoS‚Ä¶,every fighter series history joining battle super ultimate ,,,,,,1
84,"RT @NinSwitchNews: Everyone is here in Super #SmashBros Ultimate! (#NintendoSwitch)

#NintendoE3 #E32018 https://t.co/XqOy2pdAGD",super ultimate ,,,,,,1
85,RT @NintendoVSUK: Super #SmashBros Ultimate comes to #NintendoSwitch on December 7th! #NintendoE3 https://t.co/6MrS8E4LY7,super ultimate come december 7th ,,,,,,1
86,"RT @NintendoSwitchC: EVERYONE IS HERE!

Every single Super Smash Bros fighter returns in #SmashBros Switch! #NintendoSwitch #NintendoE3 htt‚Ä¶",is single super smash fighter return switch ,,,,,,1
87,RT @NintendoEurope: New Nintendo GameCube Controllers designed for #NintendoSwitch will be available when Super #SmashBros Ultimate launche‚Ä¶,new controller designed available super ultimate ,,,,,,1
88,"Time to get a Switch, I guess. #NintendoE3 #NintendoDirect  #supersmashbrosswitch #SuperSmashBros",time get switch ,,,,,,1
89,"RT @NinSwitchNews: Super #SmashBros. Ultimate is looking awesome! Who are you excited to play as again?

#NintendoE3 #E32018 https://t.co/O‚Ä¶",super ultimate looking awesome who excited play ,,,,,,1
90,"RT @GBomber465: ""Woah, woah, ladies! I'm a smash fighter too!""
#SmashSwitch #NintendoE3 https://t.co/FPgjrVl0mq",lady smash fighter ,,,,,,1
91,RT @NintendoEurope: He's finally here. Ridley joins Super #SmashBros Ultimate on #NintendoSwitch as a playable fighter! #NintendoE3 https:/‚Ä¶,he finally ridley join super ultimate playable fighter ,,,,,,1
92,"RT @NintendoEurope: Final Smashes are straight to the point this time, so you can get right back to fighting. #SmashBros #NintendoE3 https:‚Ä¶",final smash straight point time get right back fighting ,,,,,,1
93,RT @espal3ds: Regresan todos los luchadores que tantas horas de vicio nos han dado a #SuperSmashBrosUltimate #NintendoE3 #E32018 https://t.‚Ä¶,de han dado ,,,,,,1
94,"RT @gamespot: Super #SmashBros roster revealed, featuring Snake and every fighter in history joining the battle! #NintendoE3 #E32018 #GameS‚Ä¶",super roster revealed featuring snake every fighter history joining battle ,,,,,,1
95,"RT @gamespot: Super #SmashBros roster revealed, featuring Snake and every fighter in history joining the battle! #NintendoE3 #E32018 #GameS‚Ä¶",super roster revealed featuring snake every fighter history joining battle ,,,,,,1
96,"RT @gamespot: Super #SmashBros roster revealed, featuring Snake and every fighter in history joining the battle! #NintendoE3 #E32018 #GameS‚Ä¶",super roster revealed featuring snake every fighter history joining battle ,,,,,,1
97,RT @NintendoEurope: He's finally here. Ridley joins Super #SmashBros Ultimate on #NintendoSwitch as a playable fighter! #NintendoE3 https:/‚Ä¶,he finally ridley join super ultimate playable fighter ,,,,,,1
98,"RT @BenBSinger: Too bad they cut away right before Cappy took over Ridley and wrecked shop.
#NintendoE3 #E32018 #SmashBrosUltimate https://‚Ä¶",too bad cut away right took ridley wrecked shop ,,,,,,1
99,"RT @mbrleigh: Disney: Infinity War is the most ambitious crosso-
#NintendoE3 with #SmashBrosSwitch : https://t.co/Lx27oMir7S",disney infinity war ,,,,,,1
100,"RT @NintendoVSUK: Final Smashes are straight to the point this time, so you can get right back to fighting. #SmashBros #NintendoE3 https://‚Ä¶",final smash straight point time get right back fighting ,,,,,,1
101,RT @NintendoEurope: He's finally here. Ridley joins Super #SmashBros Ultimate on #NintendoSwitch as a playable fighter! #NintendoE3 https:/‚Ä¶,he finally ridley join super ultimate playable fighter ,,,,,,1
102,Sakurai said screw it I'm gonna put in EVERYTHING so no one can complain about anything missing. #NintendoE3 #SmashBrosUltimate,said screw na put one complain missing ,,,,,,1
103,"RT @NinSwitchNews: Everyone is here in Super #SmashBros Ultimate! (#NintendoSwitch)

#NintendoE3 #E32018 https://t.co/XqOy2pdAGD",super ultimate ,,,,,,1
104,"RT @gamespot: Super #SmashBros roster revealed, featuring Snake and every fighter in history joining the battle! #NintendoE3 #E32018 #GameS‚Ä¶",super roster revealed featuring snake every fighter history joining battle ,,,,,,1
105,RT @NintendoVSUK: Everyone is here! Every fighter in the series' history is joining the battle in Super #SmashBros Ultimate on #NintendoSwi‚Ä¶,every fighter series history joining battle super ultimate ,,,,,,1
106,RT @getFANDOM: EVERY Super Smash Bros character joins the #Ultimate roster #NintendoE3 https://t.co/bx1Xn26emc,every super smash character join roster ,,,,,,1
107,RT @NintendoEurope: Everyone is here! Every fighter in the series' history is joining the battle in Super #SmashBros Ultimate on #NintendoS‚Ä¶,every fighter series history joining battle super ultimate ,,,,,,1
108,Ganondorf has his sword #E32018 #SmashBros #NintendoE3,ha hi sword ,,,,,,1
109,"#GSE32018 #NintendoE3 #SuperSmashBrosUltimate Mario, and Link have been updated to reflect their Switch games. Many‚Ä¶ https://t.co/JfKEVWeJFd",link updated reflect switch game ,,,,,,1
110,RT @NintendoEurope: He's finally here. Ridley joins Super #SmashBros Ultimate on #NintendoSwitch as a playable fighter! #NintendoE3 https:/‚Ä¶,he finally ridley join super ultimate playable fighter ,,,,,,1
111,RT @NintendoVSUK: He's finally here. Ridley joins Super #SmashBros Ultimate on #NintendoSwitch as a playable fighter! #NintendoE3 https://t‚Ä¶,he finally ridley join super ultimate playable fighter ,,,,,,1
112,Everyone ever after #NintendoE3 and #SUPERSMASHBROSULTIMATE announcement https://t.co/vjo0nXyFOJ,ever announcement ,,,,,,1
113,"RT @NintendoUK: Treehouse: Live at #E32018 is showcasing new playable character Ridley in Super #SmashBros Ultimate and more! #NintendoE3
h‚Ä¶",live new playable character ridley super ultimate ,,,,,,1
114,"RT @NintendoSwitchC: BREAKING: Super Smash Bros Ultimate will be available December 7, 2018! #NintendoE3 #SmashBrosSwitch https://t.co/wsfn‚Ä¶",breaking super smash ultimate available december ,,,,,,1
115,"RT @NintendoSwitchC: EVERYONE IS HERE!

Every single Super Smash Bros fighter returns in #SmashBros Switch! #NintendoSwitch #NintendoE3 htt‚Ä¶",is single super smash fighter return switch ,,,,,,1
116,"RT @sethiepooVEVO: Super Smash Bros got me like:
#NintendoE3 #SuperSmashBros https://t.co/GAWkKcTrUX",super smash got like ,,,,,,1
117,"RT @NinSwitchNews: Ridley is confirmed for Super #SmashBros Ultimate

#NintendoE3 #E32018 https://t.co/v55gfT8HQY",ridley confirmed super ultimate ,,,,,,1
118,"New addition to #SuperSmashBrosUltimate is Echo Fighters, alternates to originals, like Daisy/Peach
#E3 #E32018 #NintendoE3 #NintendoDirect",new addition echo fighter alternate original like ,,,,,,1
119,"RT @NinSwitchNews: ""HI I'M DAISY!""

Super #SmashBros. Ultimate
#NintendoE3 #E32018 https://t.co/eyARJTL7NI",hi daisy super ultimate ,,,,,,1
120,RT @gamespot: Super Smash Bros Ultimate character breakdown revealed! #NintendoE3 #GameSpotE3 #SmashBrosSwitch https://t.co/x8ywHnMfLu,super smash ultimate character breakdown revealed ,,,,,,1
121,RIP Landmaster #SmashBros #NintendoDirect #E32018,rip ,,,,,,1
122,"RT @nnesaga: ‚ÄúWe made the impossible, POSSIBLE‚Äù

Check out the BRAND NEW 

   Super Smash Bros Ultimate trailer 

#SuperSmashBrosUltimate #‚Ä¶",made impossible possible check brand new super smash ultimate trailer ,,,,,,1
123,"RT @NintendoSwitchC: BREAKING: Super Smash Bros Ultimate will be available December 7, 2018! #NintendoE3 #SmashBrosSwitch https://t.co/wsfn‚Ä¶",breaking super smash ultimate available december ,,,,,,1
124,RT @viewportgaming: Everyone right now watching #Smash. #NintendoDirect #NintendoE3 #E3 #E32018 https://t.co/9krEU6l4Cl,right watching ,,,,,,1
125,RIDLEY!!!!!!!!! Ya tengo nuevo main #E32018 #NintendoDirect #SmashBrosSwitch,ridley main ,,,,,,1
126,RT @NintendoDE: ‚ÄûSuper #SmashBros Ultimate‚Äú erscheint am 07.12. f√ºr #NintendoSwitch! #NintendoE3 https://t.co/96iItKpRxY,super ultimate ,,,,,,1
127,"RT @NintendoEurope: Final Smashes are straight to the point this time, so you can get right back to fighting. #SmashBros #NintendoE3 https:‚Ä¶",final smash straight point time get right back fighting ,,,,,,1
128,All these little changes to Smash are perfect. This is exactly what I wanted. #SmashBrosSwitch #NintendoE3,all little change smash perfect exactly wanted ,,,,,,1
129,"RT @So_Ethereal: FINALLY SMASH BROS!! 

#supersmashbrosswitch #NintendoE3 #NintendoSwitch #Nintendo #Switch #E3 #E32018",finally smash ,,,,,,1
130,RT @NintendoVSUK: Everyone is here! Every fighter in the series' history is joining the battle in Super #SmashBros Ultimate on #NintendoSwi‚Ä¶,every fighter series history joining battle super ultimate ,,,,,,1
131,RT @NintendoEurope: New Nintendo GameCube Controllers designed for #NintendoSwitch will be available when Super #SmashBros Ultimate launche‚Ä¶,new controller designed available super ultimate ,,,,,,1
132,#NintendoE3 omghow is the #SuperSmashBros presentation still going?!,presentation still going ,,,,,,1
133,"RT @gamespot: Super #SmashBros roster revealed, featuring Snake and every fighter in history joining the battle! #NintendoE3 #E32018 #GameS‚Ä¶",super roster revealed featuring snake every fighter history joining battle ,,,,,,1
134,"RT @TheDashAttack: Hell, yeah! Proto-Man and Bass will be on #SmashBrosUltimate!!!

And Daisy has officially joined the roster!

#E32018 
#‚Ä¶",hell yeah bas daisy ha officially joined roster ,,,,,,1
135,RT @dragonkaje: #GSE32018 #NintendoE3 #SuperSmashBrosUltimate Ridley!  Ridley from #Metroid will be a playable character!!! @MCSteffe,ridley ridley playable character ,,,,,,1
136,RT @NintendoEurope: Everyone is here! Every fighter in the series' history is joining the battle in Super #SmashBros Ultimate on #NintendoS‚Ä¶,every fighter series history joining battle super ultimate ,,,,,,1
137,RT @NintendoEurope: Everyone is here! Every fighter in the series' history is joining the battle in Super #SmashBros Ultimate on #NintendoS‚Ä¶,every fighter series history joining battle super ultimate ,,,,,,1
138,RT @NintendoEurope: Everyone is here! Every fighter in the series' history is joining the battle in Super #SmashBros Ultimate on #NintendoS‚Ä¶,every fighter series history joining battle super ultimate ,,,,,,1
139,"RT @NintendoEurope: Final Smashes are straight to the point this time, so you can get right back to fighting. #SmashBros #NintendoE3 https:‚Ä¶",final smash straight point time get right back fighting ,,,,,,1
140,"RT @NinSwitchNews: Super #SmashBros. Ultimate is looking awesome! Who are you excited to play as again?

#NintendoE3 #E32018 https://t.co/O‚Ä¶",super ultimate looking awesome who excited play ,,,,,,1
141,RT @NintendoVSUK: He's finally here. Ridley joins Super #SmashBros Ultimate on #NintendoSwitch as a playable fighter! #NintendoE3 https://t‚Ä¶,he finally ridley join super ultimate playable fighter ,,,,,,1
142,December 7th #NintendoE3  #SmashBros https://t.co/o5SgfajeL8,december 7th ,,,,,,1
143,"RT @NinSwitchNews: Everyone is here in Super #SmashBros Ultimate! (#NintendoSwitch)

#NintendoE3 #E32018 https://t.co/XqOy2pdAGD",super ultimate ,,,,,,1
144,"RT @NinSwitchNews: Everyone is here in Super #SmashBros Ultimate! (#NintendoSwitch)

#NintendoE3 #E32018 https://t.co/XqOy2pdAGD",super ultimate ,,,,,,1
145,RT @NintendoEurope: Super #SmashBros Ultimate comes to #NintendoSwitch on 07/12! #NintendoE3 https://t.co/fa7PBgB42m,super ultimate come ,,,,,,1
146,RT @NintendoEurope: Everyone is here! Every fighter in the series' history is joining the battle in Super #SmashBros Ultimate on #NintendoS‚Ä¶,every fighter series history joining battle super ultimate ,,,,,,1
147,RT @GameStop: #NintendoE3 has absolutely hit this out of the park with all of the improvements to fighters in #SuperSmashBrosUltimate. Unbe‚Ä¶,ha absolutely hit park improvement fighter ,,,,,,1
148,Ok I'm loving it but I need new content as well. Hope they show some new modes today. #NintendoDirect #E3 #SmashBros #Switch,ok loving need new content well hope show new mode today ,,,,,,0
149,"#NintendoE3 #Snake returns to #SuperSmashBros also with Shadow Moses Isle

@Nintendo @NintendoAmerica @E3 #E3‚Ä¶ https://t.co/7GkavOAEtw",return also shadow ,,,,,,1
150,Btw Gamecube controller will never die. #E32018 #e3 #NintendoE3 #SmashBrosUltimate,controller never die ,,,,,,1
151,"RT @NintendoItalia: Gli Smash finali sono molto pi√π diretti questa volta, cos√¨ puoi tornare subito a lottare. #SmashBros #NintendoE3 https:‚Ä¶",smash molto ,,,,,,1
152,Snake! Cloud! #E32018 #NintendoDirect #SuperSmashBrosUltimate,snake cloud ,,,,,,1
153,"RT @gamespot: Super #SmashBros roster revealed, featuring Snake and every fighter in history joining the battle! #NintendoE3 #E32018 #GameS‚Ä¶",super roster revealed featuring snake every fighter history joining battle ,,,,,,1
154,R.I.P. Waluigi ü§£üò≠ü§£üò≠ #SmashBrosSwitch #nintendoE3 https://t.co/N9oqNI4tTA,rip ,,,,,,0
155,RT @BlackNerd: WOW! SMASH BROS ULTIMATE! EVERY CHARACTER IS COMING BACK! SO HYYYYPED! I‚ÄôM LOSING MY MIND! #SmashBros #NintendoE3 #E32018 #E‚Ä¶,wow smash ultimate every character is coming back so losing mind ,,,,,,1
156,"#SmashUltimate Hype! 
#NintendoE3 #E3",hype ,,,,,,1
157,Melee is fucking dead #SuperSmashBrosUltimate #NintendoE3,melee fucking dead ,,,,,,1
158,RT @NintendoEurope: Everyone is here! Every fighter in the series' history is joining the battle in Super #SmashBros Ultimate on #NintendoS‚Ä¶,every fighter series history joining battle super ultimate ,,,,,,1
159,"RT @NintendoSwitchC: EVERYONE IS HERE!

Every single Super Smash Bros fighter returns in #SmashBros Switch! #NintendoSwitch #NintendoE3 htt‚Ä¶",is single super smash fighter return switch ,,,,,,1
160,RIDELY IS PLAYABLE. DAISY IS PLAYABLE. EVERYONE IS PLAYABLE. NINTENDO WON FOR ME. #NintendoE3 #E32018 #SuperSmashBrosUltimate,is playable daisy is playable is playable won me ,,,,,,1
161,"RT @NinSwitchNews: Everyone is here in Super #SmashBros Ultimate! (#NintendoSwitch)

#NintendoE3 #E32018 https://t.co/XqOy2pdAGD",super ultimate ,,,,,,1
162,RT @NintendoEurope: Everyone is here! Every fighter in the series' history is joining the battle in Super #SmashBros Ultimate on #NintendoS‚Ä¶,every fighter series history joining battle super ultimate ,,,,,,1
163,RT @NintendoVSUK: He's finally here. Ridley joins Super #SmashBros Ultimate on #NintendoSwitch as a playable fighter! #NintendoE3 https://t‚Ä¶,he finally ridley join super ultimate playable fighter ,,,,,,1
164,"RT @NinSwitchNews: Ridley is confirmed for Super #SmashBros Ultimate

#NintendoE3 #E32018 https://t.co/v55gfT8HQY",ridley confirmed super ultimate ,,,,,,1
165,RT @NintendoEurope: Everyone is here! Every fighter in the series' history is joining the battle in Super #SmashBros Ultimate on #NintendoS‚Ä¶,every fighter series history joining battle super ultimate ,,,,,,1
166,RT @NintendoEurope: Super #SmashBros Ultimate comes to #NintendoSwitch on 07/12! #NintendoE3 https://t.co/fa7PBgB42m,super ultimate come ,,,,,,1
167,RT @NintendoEurope: Everyone is here! Every fighter in the series' history is joining the battle in Super #SmashBros Ultimate on #NintendoS‚Ä¶,every fighter series history joining battle super ultimate ,,,,,,1
168,YOOOOOOOO RIDLEY IS BACK!!!!!! üòÉüòÉüòÉüòÉüòÉüòÉüî•üî•üî•üî•üî• #NintendoE3 #NintendoDirect #SuperSmashBrosUltimate,ridley is back ,,,,,,1
169,RT @NintendoEurope: Everyone is here! Every fighter in the series' history is joining the battle in Super #SmashBros Ultimate on #NintendoS‚Ä¶,every fighter series history joining battle super ultimate ,,,,,,1
170,#Nintendo is trying to make me cry this afternoon üò© dumb lit üî• #NintendoE3 #SuperSmashBros,trying make cry afternoon dumb lit ,,,,,,1
171,"Hum...okay #NintendoE3 , I get it you want to show off #SmashBrosSwitch , but it's getting somewhat long and ridicu‚Ä¶ https://t.co/vU4wDngX13",get want show getting somewhat long ,,,,,,1
172,"RT @gamespot: Super #SmashBros roster revealed, featuring Snake and every fighter in history joining the battle! #NintendoE3 #E32018 #GameS‚Ä¶",super roster revealed featuring snake every fighter history joining battle ,,,,,,1
173,"RT @NinSwitchNews: Ridley is confirmed for Super #SmashBros Ultimate

#NintendoE3 #E32018 https://t.co/v55gfT8HQY",ridley confirmed super ultimate ,,,,,,1
174,RT @NintendoEurope: Everyone is here! Every fighter in the series' history is joining the battle in Super #SmashBros Ultimate on #NintendoS‚Ä¶,every fighter series history joining battle super ultimate ,,,,,,1
175,"RT @getFANDOM: You can now choose between three different Links‚ùóÔ∏è

#SuperSmashBros #NintendoE3 https://t.co/XhnlCN5G1u",choose three different link ,,,,,,1
176,RT @Jeff_Delgado: See you on the other side #Nintendo fans!! #NintendoDirect #AnimalCrossingswitch #SuperSmashBros #FZero https://t.co/LtPx‚Ä¶,see side fan direct ,,,,,,1
177,RT @NintendoEurope: He's finally here. Ridley joins Super #SmashBros Ultimate on #NintendoSwitch as a playable fighter! #NintendoE3 https:/‚Ä¶,he finally ridley join super ultimate playable fighter ,,,,,,1
178,"The stages look AMAZING 

#NintendoE3 #SuperSmashBros",stage look amazing ,,,,,,1
179,"RT @gamespot: Super #SmashBros roster revealed, featuring Snake and every fighter in history joining the battle! #NintendoE3 #E32018 #GameS‚Ä¶",super roster revealed featuring snake every fighter history joining battle ,,,,,,1
180,RT @NintendoEurope: Everyone is here! Every fighter in the series' history is joining the battle in Super #SmashBros Ultimate on #NintendoS‚Ä¶,every fighter series history joining battle super ultimate ,,,,,,1
181,Yay Shulk! #E32018 #NintendoDirect #SmashBros,yay ,,,,,,1
182,HERE WE GO!!!! #SuperSmashBros! #E3 #NintendoE3,here go ,,,,,,1
183,EVERY SINGLE CHARACTERR #E3 #NintendoE3 #SmashBrosSwitch,every single ,,,,,,1
184,"YOU ASKED FOR IT SMASH FANS: RIDLEY JOINS THE FIGHT (AT LAST.)

#SuperSmashBrosUltimate #NintendoE3 #EBE3 #E3",asked it smash fan ridley join fight at last ,,,,,,1
185,RT @NintendoEurope: Everyone is here! Every fighter in the series' history is joining the battle in Super #SmashBros Ultimate on #NintendoS‚Ä¶,every fighter series history joining battle super ultimate ,,,,,,1
186,"RT @NintendoEurope: Final Smashes are straight to the point this time, so you can get right back to fighting. #SmashBros #NintendoE3 https:‚Ä¶",final smash straight point time get right back fighting ,,,,,,1
187,"RT @gamespot: Super #SmashBros roster revealed, featuring Snake and every fighter in history joining the battle! #NintendoE3 #E32018 #GameS‚Ä¶",super roster revealed featuring snake every fighter history joining battle ,,,,,,1
188,My old main is back!! I can't let you do that Star Fox!! #E32018 #NintendoE3 #SuperSmashBrosu https://t.co/sTzNrAMK7u,old main back ca let star fox ,,,,,,1
189,"RT @NinSwitchNews: Everyone is here in Super #SmashBros Ultimate! (#NintendoSwitch)

#NintendoE3 #E32018 https://t.co/XqOy2pdAGD",super ultimate ,,,,,,1
190,RT @NintendoEurope: Super #SmashBros Ultimate comes to #NintendoSwitch on 07/12! #NintendoE3 https://t.co/fa7PBgB42m,super ultimate come ,,,,,,1
191,RT @gamespot: Super Smash Bros Ultimate character breakdown revealed! #NintendoE3 #GameSpotE3 #SmashBrosSwitch https://t.co/x8ywHnMfLu,super smash ultimate character breakdown revealed ,,,,,,1
192,"DECEMBER 7 2018 

#E32018 #NintendoE3 #SuperSmashBrosUltimate",december ,,,,,,1
193,"RT @DVDSmith: Marvel: ‚ÄúAvengers: Infinity War is the most ambitious crossover of all time.‚Äù

Nintendo: HOLD MY FUCKING BEER #SmashBros #Nin‚Ä¶",marvel avenger infinity war crossover time hold fucking beer ,,,,,,1
194,"RT @NinSwitchNews: Everyone is here in Super #SmashBros Ultimate! (#NintendoSwitch)

#NintendoE3 #E32018 https://t.co/XqOy2pdAGD",super ultimate ,,,,,,1
195,Kirby is still Kirby. Good. #E3‚Å† ‚Å† #NintendoDirect #nintendoE3 #SmashBros,still good ,,,,,,1
196,RT @NintendoEurope: He's finally here. Ridley joins Super #SmashBros Ultimate on #NintendoSwitch as a playable fighter! #NintendoE3 https:/‚Ä¶,he finally ridley join super ultimate playable fighter ,,,,,,1
197,"RT @NintendoEurope: Final Smashes are straight to the point this time, so you can get right back to fighting. #SmashBros #NintendoE3 https:‚Ä¶",final smash straight point time get right back fighting ,,,,,,1
198,Smash Ultimate looks siiiiiiiiiiick!!!! #e32018 #NintendoE3 #smash,smash ultimate look ,,,,,,1
199,#SuperSmashBros time with Sakurai. #E32018 #NintendoSwitch #NintendoE3,time ,,,,,,1
200,"RT @NintendoSwitchC: BREAKING: Super Smash Bros Ultimate will be available December 7, 2018! #NintendoE3 #SmashBrosSwitch https://t.co/wsfn‚Ä¶",breaking super smash ultimate available december ,,,,,,1
201,"RT @NintendoEurope: Final Smashes are straight to the point this time, so you can get right back to fighting. #SmashBros #NintendoE3 https:‚Ä¶",final smash straight point time get right back fighting ,,,,,,1
202,She's coming for ya #SmashBros #Smash #NintendoE3 https://t.co/Y02h88I7r5,coming ,,,,,,1
203,"RT @DVDSmith: Marvel: ‚ÄúAvengers: Infinity War is the most ambitious crossover of all time.‚Äù

Nintendo: HOLD MY FUCKING BEER #SmashBros #Nin‚Ä¶",marvel avenger infinity war crossover time hold fucking beer ,,,,,,1
204,RT @NintendoEurope: Everyone is here! Every fighter in the series' history is joining the battle in Super #SmashBros Ultimate on #NintendoS‚Ä¶,every fighter series history joining battle super ultimate ,,,,,,1
205,One more announcement to come for #SuperSmashBros #NintendoE3 #E32018 #E3atGAME,one announcement come ,,,,,,1
206,RT @GameStop: #NintendoE3 has absolutely hit this out of the park with all of the improvements to fighters in #SuperSmashBrosUltimate. Unbe‚Ä¶,ha absolutely hit park improvement fighter ,,,,,,1
207,"RT @NinSwitchNews: Everyone is here in Super #SmashBros Ultimate! (#NintendoSwitch)

#NintendoE3 #E32018 https://t.co/XqOy2pdAGD",super ultimate ,,,,,,1
208,"RT @NinSwitchNews: Everyone is here in Super #SmashBros Ultimate! (#NintendoSwitch)

#NintendoE3 #E32018 https://t.co/XqOy2pdAGD",super ultimate ,,,,,,1
209,"RT @NinSwitchNews: Everyone is here in Super #SmashBros Ultimate! (#NintendoSwitch)

#NintendoE3 #E32018 https://t.co/XqOy2pdAGD",super ultimate ,,,,,,1
210,"RT @NintendoEurope: Final Smashes are straight to the point this time, so you can get right back to fighting. #SmashBros #NintendoE3 https:‚Ä¶",final smash straight point time get right back fighting ,,,,,,1
211,RT @NintendoVSUK: Everyone is here! Every fighter in the series' history is joining the battle in Super #SmashBros Ultimate on #NintendoSwi‚Ä¶,every fighter series history joining battle super ultimate ,,,,,,1
212,RT @NintendoEurope: Super #SmashBros Ultimate comes to #NintendoSwitch on 07/12! #NintendoE3 https://t.co/fa7PBgB42m,super ultimate come ,,,,,,1
213,"Final Smashes are straight to the point this time, so you can get right back to fighting. #SmashBros #NintendoE3 https://t.co/uy7cRxRYCS",final smash straight point time get right back fighting ,,,,,,1
214,"RT @NinSwitchNews: Ridley is confirmed for Super #SmashBros Ultimate

#NintendoE3 #E32018 https://t.co/v55gfT8HQY",ridley confirmed super ultimate ,,,,,,1
215,RT @NintendoEurope: He's finally here. Ridley joins Super #SmashBros Ultimate on #NintendoSwitch as a playable fighter! #NintendoE3 https:/‚Ä¶,he finally ridley join super ultimate playable fighter ,,,,,,1
216,RT @getFANDOM: EVERY Super Smash Bros character joins the #Ultimate roster #NintendoE3 https://t.co/bx1Xn26emc,every super smash character join roster ,,,,,,1
217,"RT @NintendoEurope: Final Smashes are straight to the point this time, so you can get right back to fighting. #SmashBros #NintendoE3 https:‚Ä¶",final smash straight point time get right back fighting ,,,,,,1
218,"I'm...speechless. I stan forever.

#SmashBros #NintendoE3",forever ,,,,,,1
219,"RT @gamespot: Super #SmashBros roster revealed, featuring Snake and every fighter in history joining the battle! #NintendoE3 #E32018 #GameS‚Ä¶",super roster revealed featuring snake every fighter history joining battle ,,,,,,1
220,"RT @GBomber465: ""Woah, woah, ladies! I'm a smash fighter too!""
#SmashSwitch #NintendoE3 https://t.co/FPgjrVl0mq",lady smash fighter ,,,,,,1
221,RT @GameStop: #Ridley joins the cast of fighters in one of the coolest cinematics we‚Äôve seen so far at #E32018! #SuperSmashBrosUltimate rel‚Ä¶,join cast fighter one coolest cinematic seen far ,,,,,,1
222,RT @NintendoEurope: New Nintendo GameCube Controllers designed for #NintendoSwitch will be available when Super #SmashBros Ultimate launche‚Ä¶,new controller designed available super ultimate ,,,,,,1
223,"RT @NinSwitchNews: Super #SmashBros. Ultimate is looking awesome! Who are you excited to play as again?

#NintendoE3 #E32018 https://t.co/O‚Ä¶",super ultimate looking awesome who excited play ,,,,,,1
224,RT @gamespot: Super Smash Bros Ultimate character breakdown revealed! #NintendoE3 #GameSpotE3 #SmashBrosSwitch https://t.co/x8ywHnMfLu,super smash ultimate character breakdown revealed ,,,,,,1
225,"RT @SmoshGames: THEY BROUGHT EVERYONE BACK IN SMASH HISTORY, FFFFFFFFF #Smash #E3 ##NintendoDirect",brought back in smash history ,,,,,,1
226,I was really hoping for a bunch of new fighters...Oh well still looks good.  #E32018 #E3 #NintendoE3 #SuperSmashBros,wa really hoping bunch new well still look good ,,,,,,1
227,"RT @NintendoEurope: Final Smashes are straight to the point this time, so you can get right back to fighting. #SmashBros #NintendoE3 https:‚Ä¶",final smash straight point time get right back fighting ,,,,,,1
228,RT @NintendoEurope: Everyone is here! Every fighter in the series' history is joining the battle in Super #SmashBros Ultimate on #NintendoS‚Ä¶,every fighter series history joining battle super ultimate ,,,,,,1
229,RT @AMDGaming: Ridley hits the big time in #SmashBrosSwitch! You better hope you have enough time to suit up. #NintendoDirect #E3 https://t‚Ä¶,ridley hit big time better hope enough time suit ,,,,,,1
230,"RT @NintendoSwitchC: EVERYONE IS HERE!

Every single Super Smash Bros fighter returns in #SmashBros Switch! #NintendoSwitch #NintendoE3 htt‚Ä¶",is single super smash fighter return switch ,,,,,,1
231,RT @NintendoAUNZ: Everyone is here! Every fighter in the series' history is joining the battle in Super #SmashBros Ultimate on #NintendoSwi‚Ä¶,every fighter series history joining battle super ultimate ,,,,,,1
232,RT @NintendoVSUK: Super #SmashBros Ultimate comes to #NintendoSwitch on December 7th! #NintendoE3 https://t.co/6MrS8E4LY7,super ultimate come december 7th ,,,,,,1
233,RT @triniitea: THANK YOU NINTENDOOOOOOOOOOOOOOOOOOOOOOOOOOOO #NintendoE3 #SuperSmashBros https://t.co/3VvolRVt2z,thank ,,,,,,1
234,"RT @NintendoEurope: Final Smashes are straight to the point this time, so you can get right back to fighting. #SmashBros #NintendoE3 https:‚Ä¶",final smash straight point time get right back fighting ,,,,,,1
235,"So I ingested the entirety of #SmashBros on #NintendoE3 and I am quite looking forward to what I see, though maybe‚Ä¶ https://t.co/xtgAoDncyB",so ingested entirety quite looking forward see though ,,,,,,1
236,Every fighter in Smash history is in #SmashBros Ultimate. #NintendoE3,every fighter smash history ultimate ,,,,,,1
237,#GSE32018 #NintendoE3 #SuperSmashBrosUltimate Kirby will have copy abilities for EVERY SINGLE FIGHTER!,copy ability every single fighter ,,,,,,1
238,"RT @NintendoSwitchC: EVERYONE IS HERE!

Every single Super Smash Bros fighter returns in #SmashBros Switch! #NintendoSwitch #NintendoE3 htt‚Ä¶",is single super smash fighter return switch ,,,,,,1
239,RT @NintendoEurope: Everyone is here! Every fighter in the series' history is joining the battle in Super #SmashBros Ultimate on #NintendoS‚Ä¶,every fighter series history joining battle super ultimate ,,,,,,1
240,RT @NintendoEurope: Everyone is here! Every fighter in the series' history is joining the battle in Super #SmashBros Ultimate on #NintendoS‚Ä¶,every fighter series history joining battle super ultimate ,,,,,,1
241,"On the bright side, one of my mains from Melee is back:  Young Link!  Let‚Äôs go! #SmashBrosUltimate #NintendoE3 #NintendoDirectE3",on bright side one main melee back young link let go ,,,,,,1
242,Dedede's final smash is amazing #E32018 #NintendoDirect #SmashBros,final smash amazing ,,,,,,1
243,"RT @NinSwitchNews: Everyone is here in Super #SmashBros Ultimate! (#NintendoSwitch)

#NintendoE3 #E32018 https://t.co/XqOy2pdAGD",super ultimate ,,,,,,1
244,"#E32018 #NintendoE3 #SmashBrosUltimate 
""It's a port."" https://t.co/xZKA3FpsK1",it port ,,,,,,1
245,RT @NintendoEurope: Everyone is here! Every fighter in the series' history is joining the battle in Super #SmashBros Ultimate on #NintendoS‚Ä¶,every fighter series history joining battle super ultimate ,,,,,,1
246,"RT @NinSwitchNews: Everyone is here in Super #SmashBros Ultimate! (#NintendoSwitch)

#NintendoE3 #E32018 https://t.co/XqOy2pdAGD",super ultimate ,,,,,,1
247,RT @gamespot: Super Smash Bros Ultimate character breakdown revealed! #NintendoE3 #GameSpotE3 #SmashBrosSwitch https://t.co/x8ywHnMfLu,super smash ultimate character breakdown revealed ,,,,,,1
248,"Please, please, please, please, please, please... @Sonic_Hedgehog #SuperSmashBros #E3 #NintendoE3",please please please please please please ,,,,,,1
249,"SUPER SMASH BROS. ULTIMATE!!!!!!
ALL THE CHARACTERS!!! EVER!!!!
#E3
#NintendoE3
#SmashBrosUltimate",super smash character ever ,,,,,,1
250,RT @gamespot: Super Smash Bros Ultimate character breakdown revealed! #NintendoE3 #GameSpotE3 #SmashBrosSwitch https://t.co/x8ywHnMfLu,super smash ultimate character breakdown revealed ,,,,,,1